source,category,model,dtype,total_bytes,n_tensors,method,compressed_bytes,ratio,compress_mb_s,decompress_mb_s
synthetic,,,float32,2000000,1,IDENTITY,2000357,0.9998,533.4,612.6
synthetic,,,float32,2000000,1,HUFFMAN,1673915,1.1948,661.0,1155.0
synthetic,,,float32,2000000,1,RANS,1661813,1.2035,378.3,1068.7
synthetic,,,float32,2000000,1,ZSTD,1706934,1.1717,417.8,1055.2
synthetic,,,bfloat16,1000000,1,IDENTITY,1000141,0.9999,543.8,933.3
synthetic,,,bfloat16,1000000,1,HUFFMAN,673395,1.4850,462.2,753.1
synthetic,,,bfloat16,1000000,1,RANS,660441,1.5141,265.3,654.8
synthetic,,,bfloat16,1000000,1,ZSTD,705920,1.4166,331.2,750.2
synthetic,,,float16,1000000,1,IDENTITY,1000141,0.9999,665.9,1180.4
synthetic,,,float16,1000000,1,HUFFMAN,847603,1.1798,438.5,836.5
synthetic,,,float16,1000000,1,RANS,845157,1.1832,263.1,656.9
synthetic,,,float16,1000000,1,ZSTD,848612,1.1784,349.2,892.6
synthetic,,,fp8-e4m3fn,500000,1,IDENTITY,1000105,0.4999,283.9,1077.2
synthetic,,,fp8-e4m3fn,500000,1,HUFFMAN,410981,1.2166,222.9,220.9
synthetic,,,fp8-e4m3fn,500000,1,RANS,406754,1.2292,96.4,176.6
synthetic,,,fp8-e5m2,500000,1,IDENTITY,1000105,0.4999,346.2,913.3
synthetic,,,fp8-e5m2,500000,1,HUFFMAN,355703,1.4057,206.3,264.2
synthetic,,,fp8-e5m2,500000,1,RANS,351351,1.4231,96.7,172.1
synthetic,,,int8,500000,1,IDENTITY,500105,0.9998,1266.2,2276.0
synthetic,,,int8,500000,1,HUFFMAN,500105,0.9998,624.8,986.3
synthetic,,,int8,500000,1,RANS,500105,0.9998,236.1,1762.7
synthetic,,,int16,1000000,1,IDENTITY,1000141,0.9999,752.2,981.8
synthetic,,,int16,1000000,1,HUFFMAN,1000141,0.9999,428.8,894.3
synthetic,,,int16,1000000,1,RANS,1000141,0.9999,241.3,765.0
synthetic,,,int32,2000000,1,IDENTITY,2000357,0.9998,991.4,694.8
synthetic,,,int32,2000000,1,HUFFMAN,1938945,1.0315,715.3,574.7
synthetic,,,int32,2000000,1,RANS,1943599,1.0290,399.7,613.4
synthetic,,,int64,4000000,1,IDENTITY,4001221,0.9997,1110.3,1019.3
synthetic,,,int64,4000000,1,HUFFMAN,2199601,1.8185,819.7,882.6
synthetic,,,int64,4000000,1,RANS,2232699,1.7916,561.0,809.5
